bps_region_code,province,district,poverty_rate,poverty_year,merge_key
3174,DKI JAKARTA,Kota Jakarta Barat,3.91,2025,DKI JAKARTA|KOTA JAKARTA BARAT
3101,DKI JAKARTA,Kepulauan Seribu,12.37,2025,DKI JAKARTA|KEPULAUAN SERIBU
9111,PAPUA BARAT,Manokwari Selatan,26.52,2025,PAPUA BARAT|MANOKWARI SELATAN
7413,SULAWESI TENGGARA,Muna Barat,12.83,2025,SULAWESI TENGGARA|MUNA BARAT
3602,BANTEN,Lebak,8.03,2025,BANTEN|LEBAK
1203,SUMATERA UTARA,Tapanuli Selatan,6.16,2025,SUMATERA UTARA|TAPANULI SELATAN
3205,JAWA BARAT,Garut,9.39,2025,JAWA BARAT|GARUT
3403,D I YOGYAKARTA,Gunung Kidul,14.15,2025,D I YOGYAKARTA|GUNUNG KIDUL
3525,JAWA TIMUR,Gresik,9.95,2025,JAWA TIMUR|GRESIK
1310,SUMATERA BARAT,Solok Selatan,6.0,2025,SUMATERA BARAT|SOLOK SELATAN
6107,KALIMANTAN BARAT,Sintang,7.93,2025,KALIMANTAN BARAT|SINTANG
6504,KALIMANTAN UTARA,Nunukan,5.27,2025,KALIMANTAN UTARA|NUNUKAN
7303,SULAWESI SELATAN,Bantaeng,7.68,2025,SULAWESI SELATAN|BANTAENG
6403,KALIMANTAN TIMUR,Kutai Kartanegara,6.72,2025,KALIMANTAN TIMUR|KUTAI KARTANEGARA
1277,SUMATERA UTARA,Kota Padangsidimpuan,5.61,2025,SUMATERA UTARA|KOTA PADANGSIDIMPUAN
1613,SUMATERA SELATAN,Musi Rawas Utara,15.25,2025,SUMATERA SELATAN|MUSI RAWAS UTARA
1609,SUMATERA SELATAN,Ogan Komering Ulu Timur,8.86,2025,SUMATERA SELATAN|OGAN KOMERING ULU TIMUR
3507,JAWA TIMUR,Malang,8.78,2025,JAWA TIMUR|MALANG
7308,SULAWESI SELATAN,Maros,8.9,2025,SULAWESI SELATAN|MAROS
6202,KALIMANTAN TENGAH,Kotawaringin Timur,5.83,2025,KALIMANTAN TENGAH|KOTAWARINGIN TIMUR
8108,MALUKU,Maluku Barat Daya,27.65,2025,MALUKU|MALUKU BARAT DAYA
3317,JAWA TENGAH,Rembang,13.01,2025,JAWA TENGAH|REMBANG
6502,KALIMANTAN UTARA,Bulungan,7.26,2025,KALIMANTAN UTARA|BULUNGAN
6472,KALIMANTAN TIMUR,Kota Samarinda,3.45,2025,KALIMANTAN TIMUR|KOTA SAMARINDA
3327,JAWA TENGAH,Pemalang,13.32,2025,JAWA TENGAH|PEMALANG
3308,JAWA TENGAH,Magelang,9.9,2025,JAWA TENGAH|MAGELANG
1375,SUMATERA BARAT,Kota Bukittinggi,3.78,2025,SUMATERA BARAT|KOTA BUKITTINGGI
1705,BENGKULU,Seluma,15.98,2025,BENGKULU|SELUMA
1210,SUMATERA UTARA,Dairi,6.98,2025,SUMATERA UTARA|DAIRI
7305,SULAWESI SELATAN,Takalar,7.27,2025,SULAWESI SELATAN|TAKALAR
1174,ACEH,Kota Lhokseumawe,9.01,2025,ACEH|KOTA LHOKSEUMAWE
8103,MALUKU,Maluku Tengah,16.71,2025,MALUKU|MALUKU TENGAH
1276,SUMATERA UTARA,Kota Binjai,4.71,2025,SUMATERA UTARA|KOTA BINJAI
2104,KEPULAUAN RIAU,Lingga,9.12,2025,KEPULAUAN RIAU|LINGGA
7211,SULAWESI TENGAH,Banggai Laut,12.71,2025,SULAWESI TENGAH|BANGGAI LAUT
9471,PAPUA,Kota Jayapura,12.03,2025,PAPUA|KOTA JAYAPURA
6310,KALIMANTAN SELATAN,Tanah Bumbu,3.13,2025,KALIMANTAN SELATAN|TANAH BUMBU
1504,JAMBI,Batang Hari,8.27,2025,JAMBI|BATANG HARI
3578,JAWA TIMUR,Kota Surabaya,3.56,2025,JAWA TIMUR|KOTA SURABAYA
5208,NUSA TENGGARA BARAT,Lombok Utara,20.74,2025,NUSA TENGGARA BARAT|LOMBOK UTARA
7109,SULAWESI UTARA,Minahasa Tenggara,10.31,2025,SULAWESI UTARA|MINAHASA TENGGARA
7304,SULAWESI SELATAN,Jeneponto,11.42,2025,SULAWESI SELATAN|JENEPONTO
8172,MALUKU,Kota Tual,19.39,2025,MALUKU|KOTA TUAL
1406,RIAU,Kampar,6.29,2025,RIAU|KAMPAR
5308,NUSA TENGGARA TIMUR,Lembata,23.27,2025,NUSA TENGGARA TIMUR|LEMBATA
3577,JAWA TIMUR,Kota Madiun,3.89,2025,JAWA TIMUR|KOTA MADIUN
7206,SULAWESI TENGAH,Toli-Toli,12.2,2025,SULAWESI TENGAH|TOLI TOLI
9602,PAPUA TENGAH,Dogiyai,29.34,2025,PAPUA TENGAH|DOGIYAI
1804,LAMPUNG,Lampung Timur,12.15,2025,LAMPUNG|LAMPUNG TIMUR
7172,SULAWESI UTARA,Kota Bitung,5.81,2025,SULAWESI UTARA|KOTA BITUNG
7318,SULAWESI SELATAN,Tana Toraja,10.54,2025,SULAWESI SELATAN|TANA TORAJA
3518,JAWA TIMUR,Nganjuk,10.06,2025,JAWA TIMUR|NGANJUK
9408,PAPUA,Kepulauan Yapen,28.0,2025,PAPUA|KEPULAUAN YAPEN
3601,BANTEN,Pandeglang,8.51,2025,BANTEN|PANDEGLANG
5311,NUSA TENGGARA TIMUR,Ende,21.31,2025,NUSA TENGGARA TIMUR|ENDE
7111,SULAWESI UTARA,Bolaang Mongondow Timur,5.32,2025,SULAWESI UTARA|BOLAANG MONGONDOW TIMUR
1175,ACEH,Kota Subulussalam,13.88,2025,ACEH|KOTA SUBULUSSALAM
7315,SULAWESI SELATAN,Pinrang,8.38,2025,SULAWESI SELATAN|PINRANG
5306,NUSA TENGGARA TIMUR,Belu,12.79,2025,NUSA TENGGARA TIMUR|BELU
7102,SULAWESI UTARA,Minahasa,5.88,2025,SULAWESI UTARA|MINAHASA
9605,PAPUA TENGAH,Paniai,36.31,2025,PAPUA TENGAH|PANIAI
3172,DKI JAKARTA,Kota Jakarta Timur,3.94,2025,DKI JAKARTA|KOTA JAKARTA TIMUR
6104,KALIMANTAN BARAT,Mempawah,4.49,2025,KALIMANTAN BARAT|MEMPAWAH
1308,SUMATERA BARAT,Lima Puluh Kota,6.1,2025,SUMATERA BARAT|LIMA PULUH KOTA
3171,DKI JAKARTA,Kota Jakarta Selatan,3.23,2025,DKI JAKARTA|KOTA JAKARTA SELATAN
7210,SULAWESI TENGAH,Sigi,10.47,2025,SULAWESI TENGAH|SIGI
7271,SULAWESI TENGAH,Kota Palu,5.26,2025,SULAWESI TENGAH|KOTA PALU
3524,JAWA TIMUR,Lamongan,12.03,2025,JAWA TIMUR|LAMONGAN
5317,NUSA TENGGARA TIMUR,Sumba Barat Daya,25.66,2025,NUSA TENGGARA TIMUR|SUMBA BARAT DAYA
1202,SUMATERA UTARA,Mandailing Natal,7.91,2025,SUMATERA UTARA|MANDAILING NATAL
1612,SUMATERA SELATAN,Penukal Abab Lematang Ilir,9.27,2025,SUMATERA SELATAN|PENUKAL ABAB LEMATANG ILIR
3326,JAWA TENGAH,Pekalongan,8.05,2025,JAWA TENGAH|PEKALONGAN
6209,KALIMANTAN TENGAH,Katingan,5.3,2025,KALIMANTAN TENGAH|KATINGAN
3526,JAWA TIMUR,Bangkalan,18.25,2025,JAWA TIMUR|BANGKALAN
1508,JAMBI,Tebo,5.97,2025,JAMBI|TEBO
6108,KALIMANTAN BARAT,Kapuas Hulu,6.86,2025,KALIMANTAN BARAT|KAPUAS HULU
3212,JAWA BARAT,Indramayu,11.02,2025,JAWA BARAT|INDRAMAYU
6411,KALIMANTAN TIMUR,Mahakam Ulu,10.09,2025,KALIMANTAN TIMUR|MAHAKAM ULU
6201,KALIMANTAN TENGAH,Kotawaringin Barat,4.27,2025,KALIMANTAN TENGAH|KOTAWARINGIN BARAT
1374,SUMATERA BARAT,Kota Padang Panjang,4.97,2025,SUMATERA BARAT|KOTA PADANG PANJANG
6208,KALIMANTAN TENGAH,Seruyan,6.72,2025,KALIMANTAN TENGAH|SERUYAN
6271,KALIMANTAN TENGAH,Kota Palangka Raya,3.62,2025,KALIMANTAN TENGAH|KOTA PALANGKA RAYA
3217,JAWA BARAT,Bandung Barat,9.87,2025,JAWA BARAT|BANDUNG BARAT
3322,JAWA TENGAH,Semarang,6.3,2025,JAWA TENGAH|SEMARANG
1273,SUMATERA UTARA,Kota Pematang Siantar,6.24,2025,SUMATERA UTARA|KOTA PEMATANG SIANTAR
7203,SULAWESI TENGAH,Morowali,10.38,2025,SULAWESI TENGAH|MOROWALI
5271,NUSA TENGGARA BARAT,Kota Mataram,7.15,2025,NUSA TENGGARA BARAT|KOTA MATARAM
9704,PAPUA PEGUNUNGAN,Tolikara,28.75,2025,PAPUA PEGUNUNGAN|TOLIKARA
3373,JAWA TENGAH,Kota Salatiga,4.2,2025,JAWA TENGAH|KOTA SALATIGA
7505,GORONTALO,Gorontalo Utara,15.89,2025,GORONTALO|GORONTALO UTARA
3307,JAWA TENGAH,Wonosobo,13.34,2025,JAWA TENGAH|WONOSOBO
1105,ACEH,Aceh Timur,11.24,2025,ACEH|ACEH TIMUR
1172,ACEH,Kota Sabang,12.75,2025,ACEH|KOTA SABANG
9403,PAPUA,Jayapura,13.03,2025,PAPUA|JAYAPURA
5315,NUSA TENGGARA TIMUR,Manggarai Barat,16.09,2025,NUSA TENGGARA TIMUR|MANGGARAI BARAT
1225,SUMATERA UTARA,Nias Barat,22.47,2025,SUMATERA UTARA|NIAS BARAT
1471,RIAU,Kota Pekanbaru,3.19,2025,RIAU|KOTA PEKANBARU
7411,SULAWESI TENGGARA,Kolaka Timur,12.57,2025,SULAWESI TENGGARA|KOLAKA TIMUR
1221,SUMATERA UTARA,Padang Lawas,7.32,2025,SUMATERA UTARA|PADANG LAWAS
1807,LAMPUNG,Way Kanan,9.36,2025,LAMPUNG|WAY KANAN
1115,ACEH,Nagan Raya,15.42,2025,ACEH|NAGAN RAYA
7204,SULAWESI TENGAH,Poso,12.9,2025,SULAWESI TENGAH|POSO
1373,SUMATERA BARAT,Kota Sawah Lunto,2.72,2025,SUMATERA BARAT|KOTA SAWAH LUNTO
8202,MALUKU UTARA,Halmahera Tengah,9.16,2025,MALUKU UTARA|HALMAHERA TENGAH
3512,JAWA TIMUR,Situbondo,11.17,2025,JAWA TIMUR|SITUBONDO
7412,SULAWESI TENGGARA,Konawe Kepulauan,14.42,2025,SULAWESI TENGGARA|KONAWE KEPULAUAN
6302,KALIMANTAN SELATAN,Kota Baru,4.39,2025,KALIMANTAN SELATAN|KOTA BARU
6306,KALIMANTAN SELATAN,Hulu Sungai Selatan,3.12,2025,KALIMANTAN SELATAN|HULU SUNGAI SELATAN
7406,SULAWESI TENGGARA,Bombana,10.14,2025,SULAWESI TENGGARA|BOMBANA
9420,PAPUA,Keerom,17.76,2025,PAPUA|KEEROM
6301,KALIMANTAN SELATAN,Tanah Laut,3.0,2025,KALIMANTAN SELATAN|TANAH LAUT
8207,MALUKU UTARA,Pulau Morotai,4.49,2025,MALUKU UTARA|PULAU MOROTAI
1407,RIAU,Rokan Hulu,8.71,2025,RIAU|ROKAN HULU
3501,JAWA TIMUR,Pacitan,12.97,2025,JAWA TIMUR|PACITAN
1871,LAMPUNG,Kota Bandar Lampung,6.95,2025,LAMPUNG|KOTA BANDAR LAMPUNG
3207,JAWA BARAT,Ciamis,7.19,2025,JAWA BARAT|CIAMIS
1211,SUMATERA UTARA,Karo,6.66,2025,SUMATERA UTARA|KARO
3513,JAWA TIMUR,Probolinggo,16.31,2025,JAWA TIMUR|PROBOLINGGO
7317,SULAWESI SELATAN,Luwu,10.97,2025,SULAWESI SELATAN|LUWU
1808,LAMPUNG,Tulangbawang,7.54,2025,LAMPUNG|TULANGBAWANG
3271,JAWA BARAT,Kota Bogor,5.89,2025,JAWA BARAT|KOTA BOGOR
7309,SULAWESI SELATAN,Pangkajene Dan Kepulauan,11.6,2025,SULAWESI SELATAN|PANGKAJENE DAN KEPULAUAN
3516,JAWA TIMUR,Mojokerto,8.79,2025,JAWA TIMUR|MOJOKERTO
3522,JAWA TIMUR,Bojonegoro,11.49,2025,JAWA TIMUR|BOJONEGORO
7201,SULAWESI TENGAH,Banggai Kepulauan,11.49,2025,SULAWESI TENGAH|BANGGAI KEPULAUAN
3305,JAWA TENGAH,Kebumen,13.58,2025,JAWA TENGAH|KEBUMEN
9701,PAPUA PEGUNUNGAN,Nduga,32.89,2025,PAPUA PEGUNUNGAN|NDUGA
3401,D I YOGYAKARTA,Kulon Progo,14.53,2025,D I YOGYAKARTA|KULON PROGO
1214,SUMATERA UTARA,Nias Selatan,16.16,2025,SUMATERA UTARA|NIAS SELATAN
1702,BENGKULU,Rejang Lebong,11.71,2025,BENGKULU|REJANG LEBONG
7371,SULAWESI SELATAN,Kota Makassar,4.43,2025,SULAWESI SELATAN|KOTA MAKASSAR
1571,JAMBI,Kota Jambi,7.69,2025,JAMBI|KOTA JAMBI
3310,JAWA TENGAH,Klaten,11.0,2025,JAWA TENGAH|KLATEN
3502,JAWA TIMUR,Ponorogo,8.86,2025,JAWA TIMUR|PONOROGO
9427,PAPUA,Supiori,42.56,2025,PAPUA|SUPIORI
9601,PAPUA TENGAH,Mimika,13.7,2025,PAPUA TENGAH|MIMIKA
1409,RIAU,Rokan Hilir,7.16,2025,RIAU|ROKAN HILIR
1501,JAMBI,Kerinci,7.48,2025,JAMBI|KERINCI
1809,LAMPUNG,Pesawaran,10.93,2025,LAMPUNG|PESAWARAN
3523,JAWA TIMUR,Tuban,14.13,2025,JAWA TIMUR|TUBAN
1173,ACEH,Kota Langsa,8.59,2025,ACEH|KOTA LANGSA
3527,JAWA TIMUR,Sampang,20.61,2025,JAWA TIMUR|SAMPANG
6102,KALIMANTAN BARAT,Bengkayang,5.83,2025,KALIMANTAN BARAT|BENGKAYANG
3320,JAWA TENGAH,Jepara,5.79,2025,JAWA TENGAH|JEPARA
8109,MALUKU,Buru Selatan,14.84,2025,MALUKU|BURU SELATAN
1503,JAMBI,Sarolangun,8.74,2025,JAMBI|SAROLANGUN
3301,JAWA TENGAH,Cilacap,9.41,2025,JAWA TENGAH|CILACAP
6303,KALIMANTAN SELATAN,Banjar,2.74,2025,KALIMANTAN SELATAN|BANJAR
1304,SUMATERA BARAT,Sijunjung,5.15,2025,SUMATERA BARAT|SIJUNJUNG
3215,JAWA BARAT,Karawang,7.08,2025,JAWA BARAT|KARAWANG
6304,KALIMANTAN SELATAN,Barito Kuala,4.31,2025,KALIMANTAN SELATAN|BARITO KUALA
8204,MALUKU UTARA,Halmahera Selatan,4.81,2025,MALUKU UTARA|HALMAHERA SELATAN
6109,KALIMANTAN BARAT,Sekadau,5.61,2025,KALIMANTAN BARAT|SEKADAU
8208,MALUKU UTARA,Pulau Taliabu,6.63,2025,MALUKU UTARA|PULAU TALIABU
7101,SULAWESI UTARA,Bolaang Mongondow,6.98,2025,SULAWESI UTARA|BOLAANG MONGONDOW
8101,MALUKU,Maluku Tenggara Barat,23.38,2025,MALUKU|MALUKU TENGGARA BARAT
9501,PAPUA SELATAN,Merauke,11.31,2025,PAPUA SELATAN|MERAUKE
3503,JAWA TIMUR,Trenggalek,10.29,2025,JAWA TIMUR|TRENGGALEK
7171,SULAWESI UTARA,Kota Manado,4.99,2025,SULAWESI UTARA|KOTA MANADO
7301,SULAWESI SELATAN,Kepulauan Selayar,10.61,2025,SULAWESI SELATAN|KEPULAUAN SELAYAR
8203,MALUKU UTARA,Kepulauan Sula,7.65,2025,MALUKU UTARA|KEPULAUAN SULA
7472,SULAWESI TENGGARA,Kota Baubau,6.83,2025,SULAWESI TENGGARA|KOTA BAUBAU
8206,MALUKU UTARA,Halmahera Timur,10.54,2025,MALUKU UTARA|HALMAHERA TIMUR
1305,SUMATERA BARAT,Tanah Datar,3.59,2025,SUMATERA BARAT|TANAH DATAR
1303,SUMATERA BARAT,Solok,6.52,2025,SUMATERA BARAT|SOLOK
9112,PAPUA BARAT,Pegunungan Arfak,30.88,2025,PAPUA BARAT|PEGUNUNGAN ARFAK
3511,JAWA TIMUR,Bondowoso,12.2,2025,JAWA TIMUR|BONDOWOSO
1707,BENGKULU,Lebong,10.1,2025,BENGKULU|LEBONG
5301,NUSA TENGGARA TIMUR,Sumba Barat,26.47,2025,NUSA TENGGARA TIMUR|SUMBA BARAT
1672,SUMATERA SELATAN,Kota Prabumulih,9.75,2025,SUMATERA SELATAN|KOTA PRABUMULIH
1112,ACEH,Aceh Barat Daya,13.3,2025,ACEH|ACEH BARAT DAYA
7104,SULAWESI UTARA,Kepulauan Talaud,8.34,2025,SULAWESI UTARA|KEPULAUAN TALAUD
6311,KALIMANTAN SELATAN,Balangan,4.64,2025,KALIMANTAN SELATAN|BALANGAN
7306,SULAWESI SELATAN,Gowa,6.64,2025,SULAWESI SELATAN|GOWA
9608,PAPUA TENGAH,Puncak Jaya,35.46,2025,PAPUA TENGAH|PUNCAK JAYA
3325,JAWA TENGAH,Batang,7.79,2025,JAWA TENGAH|BATANG
7603,SULAWESI BARAT,Mamasa,13.66,2025,SULAWESI BARAT|MAMASA
8102,MALUKU,Maluku Tenggara,21.16,2025,MALUKU|MALUKU TENGGARA
3509,JAWA TIMUR,Jember,8.67,2025,JAWA TIMUR|JEMBER
5205,NUSA TENGGARA BARAT,Dompu,11.15,2025,NUSA TENGGARA BARAT|DOMPU
5304,NUSA TENGGARA TIMUR,Timor Tengah Selatan,24.5,2025,NUSA TENGGARA TIMUR|TIMOR TENGAH SELATAN
9409,PAPUA,Biak Numfor,25.73,2025,PAPUA|BIAK NUMFOR
1311,SUMATERA BARAT,Dharmasraya,4.61,2025,SUMATERA BARAT|DHARMASRAYA
1906,KEP. BANGKA BELITUNG,Belitung Timur,6.69,2025,KEPULAUAN BANGKA BELITUNG|BELITUNG TIMUR
1376,SUMATERA BARAT,Kota Payakumbuh,4.95,2025,SUMATERA BARAT|KOTA PAYAKUMBUH
1602,SUMATERA SELATAN,Ogan Komering Ilir,11.84,2025,SUMATERA SELATAN|OGAN KOMERING ILIR
5105,BALI,Klungkung,5.18,2025,BALI|KLUNGKUNG
8106,MALUKU,Seram Bagian Barat,21.85,2025,MALUKU|SERAM BAGIAN BARAT
1403,RIAU,Indragiri Hilir,4.95,2025,RIAU|INDRAGIRI HILIR
9104,PAPUA BARAT,Teluk Bintuni,25.34,2025,PAPUA BARAT|TELUK BINTUNI
1502,JAMBI,Merangin,8.07,2025,JAMBI|MERANGIN
7471,SULAWESI TENGGARA,Kota Kendari,4.18,2025,SULAWESI TENGGARA|KOTA KENDARI
1272,SUMATERA UTARA,Kota Tanjung Balai,10.67,2025,SUMATERA UTARA|KOTA TANJUNG BALAI
1408,RIAU,Bengkalis,6.08,2025,RIAU|BENGKALIS
7110,SULAWESI UTARA,Bolaang Mongondow Selatan,10.52,2025,SULAWESI UTARA|BOLAANG MONGONDOW SELATAN
7307,SULAWESI SELATAN,Sinjai,7.41,2025,SULAWESI SELATAN|SINJAI
1204,SUMATERA UTARA,Tapanuli Tengah,11.03,2025,SUMATERA UTARA|TAPANULI TENGAH
1113,ACEH,Gayo Lues,16.77,2025,ACEH|GAYO LUES
1218,SUMATERA UTARA,Serdang Bedagai,6.18,2025,SUMATERA UTARA|SERDANG BEDAGAI
1701,BENGKULU,Bengkulu Selatan,15.72,2025,BENGKULU|BENGKULU SELATAN
3505,JAWA TIMUR,Blitar,7.57,2025,JAWA TIMUR|BLITAR
3514,JAWA TIMUR,Pasuruan,8.21,2025,JAWA TIMUR|PASURUAN
1205,SUMATERA UTARA,Tapanuli Utara,7.47,2025,SUMATERA UTARA|TAPANULI UTARA
1109,ACEH,Pidie,16.46,2025,ACEH|PIDIE
6404,KALIMANTAN TIMUR,Kutai Timur,8.07,2025,KALIMANTAN TIMUR|KUTAI TIMUR
6105,KALIMANTAN BARAT,Sanggau,4.61,2025,KALIMANTAN BARAT|SANGGAU
1813,LAMPUNG,Pesisir Barat,12.13,2025,LAMPUNG|PESISIR BARAT
3278,JAWA BARAT,Kota Tasikmalaya,10.84,2025,JAWA BARAT|KOTA TASIKMALAYA
6213,KALIMANTAN TENGAH,Murung Raya,6.19,2025,KALIMANTAN TENGAH|MURUNG RAYA
7402,SULAWESI TENGGARA,Muna,12.4,2025,SULAWESI TENGGARA|MUNA
1903,KEP. BANGKA BELITUNG,Bangka Barat,2.92,2025,KEPULAUAN BANGKA BELITUNG|BANGKA BARAT
2101,KEPULAUAN RIAU,Karimun,5.16,2025,KEPULAUAN RIAU|KARIMUN
1401,RIAU,Kuantan Singingi,6.99,2025,RIAU|KUANTAN SINGINGI
9504,PAPUA SELATAN,Asmat,28.47,2025,PAPUA SELATAN|ASMAT
1708,BENGKULU,Kepahiang,10.38,2025,BENGKULU|KEPAHIANG
5207,NUSA TENGGARA BARAT,Sumbawa Barat,10.98,2025,NUSA TENGGARA BARAT|SUMBAWA BARAT
6111,KALIMANTAN BARAT,Kayong Utara,8.75,2025,KALIMANTAN BARAT|KAYONG UTARA
1275,SUMATERA UTARA,Kota Medan,7.25,2025,SUMATERA UTARA|KOTA MEDAN
1801,LAMPUNG,Lampung Barat,9.93,2025,LAMPUNG|LAMPUNG BARAT
3306,JAWA TENGAH,Purworejo,10.06,2025,JAWA TENGAH|PURWOREJO
3510,JAWA TIMUR,Banyuwangi,6.13,2025,JAWA TIMUR|BANYUWANGI
1811,LAMPUNG,Mesuji,5.92,2025,LAMPUNG|MESUJI
1905,KEP. BANGKA BELITUNG,Bangka Selatan,4.17,2025,KEPULAUAN BANGKA BELITUNG|BANGKA SELATAN
3572,JAWA TIMUR,Kota Blitar,6.6,2025,JAWA TIMUR|KOTA BLITAR
9606,PAPUA TENGAH,Intan Jaya,39.21,2025,PAPUA TENGAH|INTAN JAYA
1220,SUMATERA UTARA,Padang Lawas Utara,8.04,2025,SUMATERA UTARA|PADANG LAWAS UTARA
1603,SUMATERA SELATAN,Muara Enim,9.45,2025,SUMATERA SELATAN|MUARA ENIM
1802,LAMPUNG,Tanggamus,10.1,2025,LAMPUNG|TANGGAMUS
3216,JAWA BARAT,Bekasi,4.36,2025,JAWA BARAT|BEKASI
2103,KEPULAUAN RIAU,Natuna,4.81,2025,KEPULAUAN RIAU|NATUNA
3573,JAWA TIMUR,Kota Malang,3.85,2025,JAWA TIMUR|KOTA MALANG
7322,SULAWESI SELATAN,Luwu Utara,10.74,2025,SULAWESI SELATAN|LUWU UTARA
7107,SULAWESI UTARA,Bolaang Mongondow Utara,7.15,2025,SULAWESI UTARA|BOLAANG MONGONDOW UTARA
1103,ACEH,Aceh Selatan,9.89,2025,ACEH|ACEH SELATAN
6210,KALIMANTAN TENGAH,Pulang Pisau,4.79,2025,KALIMANTAN TENGAH|PULANG PISAU
1405,RIAU,Siak,4.4,2025,RIAU|SIAK
1206,SUMATERA UTARA,Toba Samosir,7.21,2025,SUMATERA UTARA|TOBA SAMOSIR
3672,BANTEN,Kota Cilegon,3.44,2025,BANTEN|KOTA CILEGON
6171,KALIMANTAN BARAT,Kota Pontianak,4.0,2025,KALIMANTAN BARAT|KOTA PONTIANAK
1306,SUMATERA BARAT,Padang Pariaman,5.86,2025,SUMATERA BARAT|PADANG PARIAMAN
1222,SUMATERA UTARA,Labuhan Batu Selatan,6.8,2025,SUMATERA UTARA|LABUHAN BATU SELATAN
6503,KALIMANTAN UTARA,Tana Tidung,4.56,2025,KALIMANTAN UTARA|TANA TIDUNG
7173,SULAWESI UTARA,Kota Tomohon,4.86,2025,SULAWESI UTARA|KOTA TOMOHON
5312,NUSA TENGGARA TIMUR,Ngada,11.22,2025,NUSA TENGGARA TIMUR|NGADA
9428,PAPUA,Mamberamo Raya,35.09,2025,PAPUA|MAMBERAMO RAYA
6206,KALIMANTAN TENGAH,Sukamara,4.02,2025,KALIMANTAN TENGAH|SUKAMARA
5204,NUSA TENGGARA BARAT,Sumbawa,11.79,2025,NUSA TENGGARA BARAT|SUMBAWA
5104,BALI,Gianyar,3.71,2025,BALI|GIANYAR
3521,JAWA TIMUR,Ngawi,13.62,2025,JAWA TIMUR|NGAWI
1114,ACEH,Aceh Tamiang,10.84,2025,ACEH|ACEH TAMIANG
1904,KEP. BANGKA BELITUNG,Bangka Tengah,6.7,2025,KEPULAUAN BANGKA BELITUNG|BANGKA TENGAH
7408,SULAWESI TENGGARA,Kolaka Utara,12.94,2025,SULAWESI TENGGARA|KOLAKA UTARA
6401,KALIMANTAN TIMUR,Paser,8.13,2025,KALIMANTAN TIMUR|PASER
3276,JAWA BARAT,Kota Depok,2.31,2025,JAWA BARAT|KOTA DEPOK
3272,JAWA BARAT,Kota Sukabumi,6.9,2025,JAWA BARAT|KOTA SUKABUMI
6471,KALIMANTAN TIMUR,Kota Balikpapan,1.97,2025,KALIMANTAN TIMUR|KOTA BALIKPAPAN
1572,JAMBI,Kota Sungai Penuh,3.23,2025,JAMBI|KOTA SUNGAI PENUH
1671,SUMATERA SELATAN,Kota Palembang,9.04,2025,SUMATERA SELATAN|KOTA PALEMBANG
3371,JAWA TENGAH,Kota Magelang,5.68,2025,JAWA TENGAH|KOTA MAGELANG
5171,BALI,Kota Denpasar,2.16,2025,BALI|KOTA DENPASAR
7312,SULAWESI SELATAN,Soppeng,6.65,2025,SULAWESI SELATAN|SOPPENG
8104,MALUKU,Buru,15.11,2025,MALUKU|BURU
7415,SULAWESI TENGGARA,Buton Selatan,13.64,2025,SULAWESI TENGGARA|BUTON SELATAN
1803,LAMPUNG,Lampung Selatan,12.05,2025,LAMPUNG|LAMPUNG SELATAN
5309,NUSA TENGGARA TIMUR,Flores Timur,10.88,2025,NUSA TENGGARA TIMUR|FLORES TIMUR
1371,SUMATERA BARAT,Kota Padang,3.63,2025,SUMATERA BARAT|KOTA PADANG
3275,JAWA BARAT,Kota Bekasi,3.96,2025,JAWA BARAT|KOTA BEKASI
9702,PAPUA PEGUNUNGAN,Jayawijaya,29.08,2025,PAPUA PEGUNUNGAN|JAYAWIJAYA
6205,KALIMANTAN TENGAH,Barito Utara,5.52,2025,KALIMANTAN TENGAH|BARITO UTARA
1509,JAMBI,Bungo,5.17,2025,JAMBI|BUNGO
6101,KALIMANTAN BARAT,Sambas,6.37,2025,KALIMANTAN BARAT|SAMBAS
5313,NUSA TENGGARA TIMUR,Manggarai,18.1,2025,NUSA TENGGARA TIMUR|MANGGARAI
1902,KEP. BANGKA BELITUNG,Belitung,6.44,2025,KEPULAUAN BANGKA BELITUNG|BELITUNG
3316,JAWA TENGAH,Blora,10.58,2025,JAWA TENGAH|BLORA
8107,MALUKU,Seram Bagian Timur,20.9,2025,MALUKU|SERAM BAGIAN TIMUR
3315,JAWA TENGAH,Grobogan,10.63,2025,JAWA TENGAH|GROBOGAN
1673,SUMATERA SELATAN,Kota Pagar Alam,7.7,2025,SUMATERA SELATAN|KOTA PAGAR ALAM
1872,LAMPUNG,Kota Metro,6.44,2025,LAMPUNG|KOTA METRO
6172,KALIMANTAN BARAT,Kota Singkawang,4.28,2025,KALIMANTAN BARAT|KOTA SINGKAWANG
5107,BALI,Karangasem,6.4,2025,BALI|KARANGASEM
1219,SUMATERA UTARA,Batu Bara,10.1,2025,SUMATERA UTARA|BATU BARA
9271,PAPUA BARAT DAYA,Kota Sorong,13.55,2025,PAPUA BARAT DAYA|KOTA SORONG
3575,JAWA TIMUR,Kota Pasuruan,6.18,2025,JAWA TIMUR|KOTA PASURUAN
5206,NUSA TENGGARA BARAT,Bima,12.59,2025,NUSA TENGGARA BARAT|BIMA
3574,JAWA TIMUR,Kota Probolinggo,5.69,2025,JAWA TIMUR|KOTA PROBOLINGGO
2105,KEPULAUAN RIAU,Kepulauan Anambas,6.35,2025,KEPULAUAN RIAU|KEPULAUAN ANAMBAS
1301,SUMATERA BARAT,Kepulauan Mentawai,13.22,2025,SUMATERA BARAT|KEPULAUAN MENTAWAI
3328,JAWA TENGAH,Tegal,6.16,2025,JAWA TENGAH|TEGAL
5316,NUSA TENGGARA TIMUR,Sumba Tengah,29.23,2025,NUSA TENGGARA TIMUR|SUMBA TENGAH
6112,KALIMANTAN BARAT,Kubu Raya,3.99,2025,KALIMANTAN BARAT|KUBU RAYA
9105,PAPUA BARAT,Manokwari,17.38,2025,PAPUA BARAT|MANOKWARI
5106,BALI,Bangli,4.83,2025,BALI|BANGLI
7604,SULAWESI BARAT,Mamuju,6.99,2025,SULAWESI BARAT|MAMUJU
1607,SUMATERA SELATAN,Banyu Asin,8.48,2025,SUMATERA SELATAN|BANYU ASIN
3372,JAWA TENGAH,Kota Surakarta,7.69,2025,JAWA TENGAH|KOTA SURAKARTA
1207,SUMATERA UTARA,Labuhan Batu,7.37,2025,SUMATERA UTARA|LABUHAN BATU
7405,SULAWESI TENGGARA,Konawe Selatan,11.18,2025,SULAWESI TENGGARA|KONAWE SELATAN
3274,JAWA BARAT,Kota Cirebon,8.66,2025,JAWA BARAT|KOTA CIREBON
6211,KALIMANTAN TENGAH,Gunung Mas,5.48,2025,KALIMANTAN TENGAH|GUNUNG MAS
7325,SULAWESI SELATAN,Luwu Timur,5.79,2025,SULAWESI SELATAN|LUWU TIMUR
7372,SULAWESI SELATAN,Kota Parepare,4.44,2025,SULAWESI SELATAN|KOTA PAREPARE
3504,JAWA TIMUR,Tulungagung,5.96,2025,JAWA TIMUR|TULUNGAGUNG
3303,JAWA TENGAH,Purbalingga,12.55,2025,JAWA TENGAH|PURBALINGGA
7310,SULAWESI SELATAN,Barru,8.0,2025,SULAWESI SELATAN|BARRU
8171,MALUKU,Kota Ambon,4.34,2025,MALUKU|KOTA AMBON
1215,SUMATERA UTARA,Humbang Hasundutan,7.8,2025,SUMATERA UTARA|HUMBANG HASUNDUTAN
9103,PAPUA BARAT,Teluk Wondama,27.57,2025,PAPUA BARAT|TELUK WONDAMA
1209,SUMATERA UTARA,Simalungun,6.91,2025,SUMATERA UTARA|SIMALUNGUN
6207,KALIMANTAN TENGAH,Lamandau,3.33,2025,KALIMANTAN TENGAH|LAMANDAU
7103,SULAWESI UTARA,Kepulauan Sangihe,10.91,2025,SULAWESI UTARA|KEPULAUAN SANGIHE
6203,KALIMANTAN TENGAH,Kapuas,5.48,2025,KALIMANTAN TENGAH|KAPUAS
1216,SUMATERA UTARA,Pakpak Bharat,6.4,2025,SUMATERA UTARA|PAKPAK BHARAT
3520,JAWA TIMUR,Magetan,9.14,2025,JAWA TIMUR|MAGETAN
7314,SULAWESI SELATAN,Sidenreng Rappang,4.91,2025,SULAWESI SELATAN|SIDENRENG RAPPANG
3309,JAWA TENGAH,Boyolali,8.71,2025,JAWA TENGAH|BOYOLALI
6103,KALIMANTAN BARAT,Landak,8.9,2025,KALIMANTAN BARAT|LANDAK
9706,PAPUA PEGUNUNGAN,Yalimo,27.35,2025,PAPUA PEGUNUNGAN|YALIMO
5310,NUSA TENGGARA TIMUR,Sikka,11.25,2025,NUSA TENGGARA TIMUR|SIKKA
7205,SULAWESI TENGAH,Donggala,14.66,2025,SULAWESI TENGAH|DONGGALA
1118,ACEH,Pidie Jaya,16.12,2025,ACEH|PIDIE JAYA
9707,PAPUA PEGUNUNGAN,Yahukimo,30.61,2025,PAPUA PEGUNUNGAN|YAHUKIMO
1505,JAMBI,Muaro Jambi,4.32,2025,JAMBI|MUARO JAMBI
3318,JAWA TENGAH,Pati,8.24,2025,JAWA TENGAH|PATI
5314,NUSA TENGGARA TIMUR,Rote Ndao,24.37,2025,NUSA TENGGARA TIMUR|ROTE NDAO
6501,KALIMANTAN UTARA,Malinau,5.56,2025,KALIMANTAN UTARA|MALINAU
7313,SULAWESI SELATAN,Wajo,5.86,2025,SULAWESI SELATAN|WAJO
1171,ACEH,Kota Banda Aceh,5.45,2025,ACEH|KOTA BANDA ACEH
1606,SUMATERA SELATAN,Musi Banyuasin,9.97,2025,SUMATERA SELATAN|MUSI BANYUASIN
1703,BENGKULU,Bengkulu Utara,10.07,2025,BENGKULU|BENGKULU UTARA
1810,LAMPUNG,Pringsewu,7.6,2025,LAMPUNG|PRINGSEWU
3321,JAWA TENGAH,Demak,10.87,2025,JAWA TENGAH|DEMAK
7605,SULAWESI BARAT,Mamuju Utara,4.96,2025,SULAWESI BARAT|MAMUJU UTARA
6402,KALIMANTAN TIMUR,Kutai Barat,8.72,2025,KALIMANTAN TIMUR|KUTAI BARAT
7501,GORONTALO,Boalemo,16.37,2025,GORONTALO|BOALEMO
9203,PAPUA BARAT DAYA,Sorong Selatan,17.66,2025,PAPUA BARAT DAYA|SORONG SELATAN
7504,GORONTALO,Bone Bolango,13.16,2025,GORONTALO|BONE BOLANGO
9426,PAPUA,Waropen,32.6,2025,PAPUA|WAROPEN
1402,RIAU,Indragiri Hulu,5.83,2025,RIAU|INDRAGIRI HULU
1506,JAMBI,Tanjung Jabung Timur,9.96,2025,JAMBI|TANJUNG JABUNG TIMUR
1601,SUMATERA SELATAN,Ogan Komering Ulu,10.08,2025,SUMATERA SELATAN|OGAN KOMERING ULU
7316,SULAWESI SELATAN,Enrekang,10.73,2025,SULAWESI SELATAN|ENREKANG
1223,SUMATERA UTARA,Labuhan Batu Utara,8.42,2025,SUMATERA UTARA|LABUHAN BATU UTARA
1201,SUMATERA UTARA,Nias,14.51,2025,SUMATERA UTARA|NIAS
1605,SUMATERA SELATAN,Musi Rawas,12.67,2025,SUMATERA SELATAN|MUSI RAWAS
5303,NUSA TENGGARA TIMUR,Kupang,20.32,2025,NUSA TENGGARA TIMUR|KUPANG
1107,ACEH,Aceh Barat,15.5,2025,ACEH|ACEH BARAT
3312,JAWA TENGAH,Wonogiri,9.59,2025,JAWA TENGAH|WONOGIRI
3508,JAWA TIMUR,Lumajang,8.6,2025,JAWA TIMUR|LUMAJANG
6571,KALIMANTAN UTARA,Kota Tarakan,5.03,2025,KALIMANTAN UTARA|KOTA TARAKAN
5102,BALI,Tabanan,4.23,2025,BALI|TABANAN
7403,SULAWESI TENGGARA,Konawe,12.78,2025,SULAWESI TENGGARA|KONAWE
1608,SUMATERA SELATAN,Ogan Komering Ulu Selatan,9.17,2025,SUMATERA SELATAN|OGAN KOMERING ULU SELATAN
1610,SUMATERA SELATAN,Ogan Ilir,11.69,2025,SUMATERA SELATAN|OGAN ILIR
7302,SULAWESI SELATAN,Bulukumba,6.06,2025,SULAWESI SELATAN|BULUKUMBA
6106,KALIMANTAN BARAT,Ketapang,8.44,2025,KALIMANTAN BARAT|KETAPANG
3210,JAWA BARAT,Majalengka,10.31,2025,JAWA BARAT|MAJALENGKA
1404,RIAU,Pelalawan,7.24,2025,RIAU|PELALAWAN
3273,JAWA BARAT,Kota Bandung,3.78,2025,JAWA BARAT|KOTA BANDUNG
3673,BANTEN,Kota Serang,5.51,2025,BANTEN|KOTA SERANG
5305,NUSA TENGGARA TIMUR,Timor Tengah Utara,20.17,2025,NUSA TENGGARA TIMUR|TIMOR TENGAH UTARA
7202,SULAWESI TENGAH,Banggai,6.23,2025,SULAWESI TENGAH|BANGGAI
9201,PAPUA BARAT DAYA,Raja Ampat,16.57,2025,PAPUA BARAT DAYA|RAJA AMPAT
1901,KEP. BANGKA BELITUNG,Bangka,4.71,2025,KEPULAUAN BANGKA BELITUNG|BANGKA
5202,NUSA TENGGARA BARAT,Lombok Tengah,10.68,2025,NUSA TENGGARA BARAT|LOMBOK TENGAH
1812,LAMPUNG,Tulang Bawang Barat,6.72,2025,LAMPUNG|TULANG BAWANG BARAT
7373,SULAWESI SELATAN,Kota Palopo,7.18,2025,SULAWESI SELATAN|KOTA PALOPO
7414,SULAWESI TENGGARA,Buton Tengah,13.4,2025,SULAWESI TENGGARA|BUTON TENGAH
7502,GORONTALO,Gorontalo,14.89,2025,GORONTALO|GORONTALO
3576,JAWA TIMUR,Kota Mojokerto,5.05,2025,JAWA TIMUR|KOTA MOJOKERTO
5302,NUSA TENGGARA TIMUR,Sumba Timur,25.64,2025,NUSA TENGGARA TIMUR|SUMBA TIMUR
1217,SUMATERA UTARA,Samosir,10.79,2025,SUMATERA UTARA|SAMOSIR
3674,BANTEN,Kota Tangerang Selatan,2.39,2025,BANTEN|KOTA TANGERANG SELATAN
8272,MALUKU UTARA,Kota Tidore Kepulauan,6.54,2025,MALUKU UTARA|KOTA TIDORE KEPULAUAN
3376,JAWA TENGAH,Kota Tegal,7.28,2025,JAWA TENGAH|KOTA TEGAL
1117,ACEH,Bener Meriah,16.2,2025,ACEH|BENER MERIAH
3214,JAWA BARAT,Purwakarta,7.87,2025,JAWA BARAT|PURWAKARTA
7208,SULAWESI TENGAH,Parigi Moutong,13.51,2025,SULAWESI TENGAH|PARIGI MOUTONG
3517,JAWA TIMUR,Jombang,8.36,2025,JAWA TIMUR|JOMBANG
3208,JAWA BARAT,Kuningan,10.74,2025,JAWA BARAT|KUNINGAN
1410,RIAU,Kepulauan Meranti,20.51,2025,RIAU|KEPULAUAN MERANTI
3202,JAWA BARAT,Sukabumi,6.41,2025,JAWA BARAT|SUKABUMI
1377,SUMATERA BARAT,Kota Pariaman,3.83,2025,SUMATERA BARAT|KOTA PARIAMAN
3209,JAWA BARAT,Cirebon,10.23,2025,JAWA BARAT|CIREBON
1307,SUMATERA BARAT,Agam,5.97,2025,SUMATERA BARAT|AGAM
3603,BANTEN,Tangerang,6.42,2025,BANTEN|TANGERANG
9607,PAPUA TENGAH,Puncak,36.94,2025,PAPUA TENGAH|PUNCAK
1102,ACEH,Aceh Singkil,17.07,2025,ACEH|ACEH SINGKIL
7207,SULAWESI TENGAH,Buol,12.48,2025,SULAWESI TENGAH|BUOL
1971,KEP. BANGKA BELITUNG,Kota Pangkal Pinang,4.5,2025,KEPULAUAN BANGKA BELITUNG|KOTA PANGKAL PINANG
5103,BALI,Badung,1.9,2025,BALI|BADUNG
5320,NUSA TENGGARA TIMUR,Sabu Raijua,27.18,2025,NUSA TENGGARA TIMUR|SABU RAIJUA
6305,KALIMANTAN SELATAN,Tapin,2.91,2025,KALIMANTAN SELATAN|TAPIN
6212,KALIMANTAN TENGAH,Barito Timur,6.1,2025,KALIMANTAN TENGAH|BARITO TIMUR
3213,JAWA BARAT,Subang,9.23,2025,JAWA BARAT|SUBANG
3506,JAWA TIMUR,Kediri,9.81,2025,JAWA TIMUR|KEDIRI
6409,KALIMANTAN TIMUR,Penajam Paser Utara,5.78,2025,KALIMANTAN TIMUR|PENAJAM PASER UTARA
1108,ACEH,Aceh Besar,11.05,2025,ACEH|ACEH BESAR
1604,SUMATERA SELATAN,Lahat,13.69,2025,SUMATERA SELATAN|LAHAT
6405,KALIMANTAN TIMUR,Berau,4.44,2025,KALIMANTAN TIMUR|BERAU
3218,JAWA BARAT,Pangandaran,8.03,2025,JAWA BARAT|PANGANDARAN
3529,JAWA TIMUR,Sumenep,17.02,2025,JAWA TIMUR|SUMENEP
8105,MALUKU,Kepulauan Aru,23.1,2025,MALUKU|KEPULAUAN ARU
1771,BENGKULU,Kota Bengkulu,11.91,2025,BENGKULU|KOTA BENGKULU
3571,JAWA TIMUR,Kota Kediri,6.04,2025,JAWA TIMUR|KOTA KEDIRI
9705,PAPUA PEGUNUNGAN,Mamberamo Tengah,32.2,2025,PAPUA PEGUNUNGAN|MAMBERAMO TENGAH
1309,SUMATERA BARAT,Pasaman,6.02,2025,SUMATERA BARAT|PASAMAN
5203,NUSA TENGGARA BARAT,Lombok Timur,13.53,2025,NUSA TENGGARA BARAT|LOMBOK TIMUR
1208,SUMATERA UTARA,Asahan,7.18,2025,SUMATERA UTARA|ASAHAN
1278,SUMATERA UTARA,Kota Gunungsitoli,13.85,2025,SUMATERA UTARA|KOTA GUNUNGSITOLI
1104,ACEH,Aceh Tenggara,9.78,2025,ACEH|ACEH TENGGARA
9604,PAPUA TENGAH,Nabire,22.65,2025,PAPUA TENGAH|NABIRE
9202,PAPUA BARAT DAYA,Sorong,25.1,2025,PAPUA BARAT DAYA|SORONG
5318,NUSA TENGGARA TIMUR,Nagekeo,12.18,2025,NUSA TENGGARA TIMUR|NAGEKEO
7106,SULAWESI UTARA,Minahasa Utara,6.05,2025,SULAWESI UTARA|MINAHASA UTARA
9502,PAPUA SELATAN,Boven Digoel,21.96,2025,PAPUA SELATAN|BOVEN DIGOEL
1110,ACEH,Bireuen,10.3,2025,ACEH|BIREUEN
3302,JAWA TENGAH,Banyumas,11.15,2025,JAWA TENGAH|BANYUMAS
7174,SULAWESI UTARA,Kota Kotamobagu,5.14,2025,SULAWESI UTARA|KOTA KOTAMOBAGU
7401,SULAWESI TENGGARA,Buton,13.46,2025,SULAWESI TENGGARA|BUTON
2171,KEPULAUAN RIAU,Kota Batam,3.81,2025,KEPULAUAN RIAU|KOTA BATAM
3204,JAWA BARAT,Bandung,6.04,2025,JAWA BARAT|BANDUNG
3329,JAWA TENGAH,Brebes,14.15,2025,JAWA TENGAH|BREBES
6308,KALIMANTAN SELATAN,Hulu Sungai Utara,4.81,2025,KALIMANTAN SELATAN|HULU SUNGAI UTARA
6372,KALIMANTAN SELATAN,Kota Banjar Baru,3.44,2025,KALIMANTAN SELATAN|KOTA BANJAR BARU
3313,JAWA TENGAH,Karanganyar,8.48,2025,JAWA TENGAH|KARANGANYAR
3404,D I YOGYAKARTA,Sleman,6.71,2025,D I YOGYAKARTA|SLEMAN
6474,KALIMANTAN TIMUR,Kota Bontang,3.21,2025,KALIMANTAN TIMUR|KOTA BONTANG
2172,KEPULAUAN RIAU,Kota Tanjung Pinang,5.96,2025,KEPULAUAN RIAU|KOTA TANJUNG PINANG
3324,JAWA TENGAH,Kendal,8.4,2025,JAWA TENGAH|KENDAL
3528,JAWA TIMUR,Pamekasan,12.77,2025,JAWA TIMUR|PAMEKASAN
7503,GORONTALO,Pohuwato,15.24,2025,GORONTALO|POHUWATO
1213,SUMATERA UTARA,Langkat,8.42,2025,SUMATERA UTARA|LANGKAT
9205,PAPUA BARAT DAYA,Tambrauw,28.94,2025,PAPUA BARAT DAYA|TAMBRAUW
9708,PAPUA PEGUNUNGAN,Pegunungan Bintang,25.87,2025,PAPUA PEGUNUNGAN|PEGUNUNGAN BINTANG
1111,ACEH,Aceh Utara,14.27,2025,ACEH|ACEH UTARA
1706,BENGKULU,Mukomuko,10.05,2025,BENGKULU|MUKOMUKO
8205,MALUKU UTARA,Halmahera Utara,4.35,2025,MALUKU UTARA|HALMAHERA UTARA
9102,PAPUA BARAT,Kaimana,13.83,2025,PAPUA BARAT|KAIMANA
1704,BENGKULU,Kaur,15.82,2025,BENGKULU|KAUR
3604,BANTEN,Serang,4.48,2025,BANTEN|SERANG
6204,KALIMANTAN TENGAH,Barito Selatan,4.94,2025,KALIMANTAN TENGAH|BARITO SELATAN
3375,JAWA TENGAH,Kota Pekalongan,6.14,2025,JAWA TENGAH|KOTA PEKALONGAN
7571,GORONTALO,Kota Gorontalo,5.31,2025,GORONTALO|KOTA GORONTALO
3579,JAWA TIMUR,Kota Batu,2.86,2025,JAWA TIMUR|KOTA BATU
3314,JAWA TENGAH,Sragen,11.22,2025,JAWA TENGAH|SRAGEN
7209,SULAWESI TENGAH,Tojo Una-Una,14.67,2025,SULAWESI TENGAH|TOJO UNA UNA
1101,ACEH,Simeulue,15.52,2025,ACEH|SIMEULUE
3319,JAWA TENGAH,Kudus,6.59,2025,JAWA TENGAH|KUDUS
1372,SUMATERA BARAT,Kota Solok,2.91,2025,SUMATERA BARAT|KOTA SOLOK
1224,SUMATERA UTARA,Nias Utara,20.79,2025,SUMATERA UTARA|NIAS UTARA
1507,JAMBI,Tanjung Jabung Barat,9.67,2025,JAMBI|TANJUNG JABUNG BARAT
3471,D I YOGYAKARTA,Kota Yogyakarta,6.14,2025,D I YOGYAKARTA|KOTA YOGYAKARTA
1274,SUMATERA UTARA,Kota Tebing Tinggi,8.74,2025,SUMATERA UTARA|KOTA TEBING TINGGI
1806,LAMPUNG,Lampung Utara,15.78,2025,LAMPUNG|LAMPUNG UTARA
3206,JAWA BARAT,Tasikmalaya,10.15,2025,JAWA BARAT|TASIKMALAYA
1674,SUMATERA SELATAN,Kota Lubuklinggau,10.49,2025,SUMATERA SELATAN|KOTA LUBUKLINGGAU
7326,SULAWESI SELATAN,Toraja Utara,10.05,2025,SULAWESI SELATAN|TORAJA UTARA
5321,NUSA TENGGARA TIMUR,Malaka,13.52,2025,NUSA TENGGARA TIMUR|MALAKA
5371,NUSA TENGGARA TIMUR,Kota Kupang,7.57,2025,NUSA TENGGARA TIMUR|KOTA KUPANG
3173,DKI JAKARTA,Kota Jakarta Pusat,4.7,2025,DKI JAKARTA|KOTA JAKARTA PUSAT
3671,BANTEN,Kota Tangerang,5.19,2025,BANTEN|KOTA TANGERANG
9603,PAPUA TENGAH,Deiyai,37.29,2025,PAPUA TENGAH|DEIYAI
9503,PAPUA SELATAN,Mappi,28.46,2025,PAPUA SELATAN|MAPPI
1709,BENGKULU,Bengkulu Tengah,9.74,2025,BENGKULU|BENGKULU TENGAH
7410,SULAWESI TENGGARA,Konawe Utara,11.89,2025,SULAWESI TENGGARA|KONAWE UTARA
3203,JAWA BARAT,Cianjur,9.82,2025,JAWA BARAT|CIANJUR
8201,MALUKU UTARA,Halmahera Barat,7.9,2025,MALUKU UTARA|HALMAHERA BARAT
3277,JAWA BARAT,Kota Cimahi,4.2,2025,JAWA BARAT|KOTA CIMAHI
7602,SULAWESI BARAT,Polewali Mandar,14.02,2025,SULAWESI BARAT|POLEWALI MANDAR
3304,JAWA TENGAH,Banjarnegara,13.28,2025,JAWA TENGAH|BANJARNEGARA
3175,DKI JAKARTA,Kota Jakarta Utara,6.33,2025,DKI JAKARTA|KOTA JAKARTA UTARA
7601,SULAWESI BARAT,Majene,12.98,2025,SULAWESI BARAT|MAJENE
9101,PAPUA BARAT,Fakfak,19.86,2025,PAPUA BARAT|FAKFAK
3402,D I YOGYAKARTA,Bantul,11.54,2025,D I YOGYAKARTA|BANTUL
5201,NUSA TENGGARA BARAT,Lombok Barat,11.9,2025,NUSA TENGGARA BARAT|LOMBOK BARAT
5307,NUSA TENGGARA TIMUR,Alor,18.29,2025,NUSA TENGGARA TIMUR|ALOR
6371,KALIMANTAN SELATAN,Kota Banjarmasin,4.52,2025,KALIMANTAN SELATAN|KOTA BANJARMASIN
8271,MALUKU UTARA,Kota Ternate,3.34,2025,MALUKU UTARA|KOTA TERNATE
7108,SULAWESI UTARA,Siau Tagulandang Biaro,8.32,2025,SULAWESI UTARA|SIAU TAGULANDANG BIARO
1271,SUMATERA UTARA,Kota Sibolga,10.28,2025,SUMATERA UTARA|KOTA SIBOLGA
3374,JAWA TENGAH,Kota Semarang,3.8,2025,JAWA TENGAH|KOTA SEMARANG
7105,SULAWESI UTARA,Minahasa Selatan,8.26,2025,SULAWESI UTARA|MINAHASA SELATAN
2102,KEPULAUAN RIAU,Bintan,4.77,2025,KEPULAUAN RIAU|BINTAN
3323,JAWA TENGAH,Temanggung,7.78,2025,JAWA TENGAH|TEMANGGUNG
9419,PAPUA,Sarmi,15.17,2025,PAPUA|SARMI
3519,JAWA TIMUR,Madiun,10.4,2025,JAWA TIMUR|MADIUN
1805,LAMPUNG,Lampung Tengah,9.59,2025,LAMPUNG|LAMPUNG TENGAH
1212,SUMATERA UTARA,Deli Serdang,3.11,2025,SUMATERA UTARA|DELI SERDANG
5101,BALI,Jembrana,4.33,2025,BALI|JEMBRANA
7212,SULAWESI TENGAH,Morowali Utara,10.38,2025,SULAWESI TENGAH|MOROWALI UTARA
1611,SUMATERA SELATAN,Empat Lawang,10.48,2025,SUMATERA SELATAN|EMPAT LAWANG
7407,SULAWESI TENGGARA,Wakatobi,13.4,2025,SULAWESI TENGGARA|WAKATOBI
7404,SULAWESI TENGGARA,Kolaka,10.19,2025,SULAWESI TENGGARA|KOLAKA
5272,NUSA TENGGARA BARAT,Kota Bima,7.33,2025,NUSA TENGGARA BARAT|KOTA BIMA
7606,SULAWESI BARAT,Mamuju Tengah,7.22,2025,SULAWESI BARAT|MAMUJU TENGAH
5108,BALI,Buleleng,5.2,2025,BALI|BULELENG
9204,PAPUA BARAT DAYA,Maybrat,29.0,2025,PAPUA BARAT DAYA|MAYBRAT
6307,KALIMANTAN SELATAN,Hulu Sungai Tengah,5.03,2025,KALIMANTAN SELATAN|HULU SUNGAI TENGAH
3201,JAWA BARAT,Bogor,6.26,2025,JAWA BARAT|BOGOR
1473,RIAU,Kota Dumai,3.08,2025,RIAU|KOTA DUMAI
1116,ACEH,Aceh Jaya,10.37,2025,ACEH|ACEH JAYA
3211,JAWA BARAT,Sumedang,8.81,2025,JAWA BARAT|SUMEDANG
3279,JAWA BARAT,Kota Banjar,5.73,2025,JAWA BARAT|KOTA BANJAR
1302,SUMATERA BARAT,Pesisir Selatan,6.52,2025,SUMATERA BARAT|PESISIR SELATAN
1312,SUMATERA BARAT,Pasaman Barat,6.3,2025,SUMATERA BARAT|PASAMAN BARAT
9703,PAPUA PEGUNUNGAN,Lanny Jaya,31.59,2025,PAPUA PEGUNUNGAN|LANNY JAYA
6110,KALIMANTAN BARAT,Melawi,10.51,2025,KALIMANTAN BARAT|MELAWI
7311,SULAWESI SELATAN,Bone,9.13,2025,SULAWESI SELATAN|BONE
3311,JAWA TENGAH,Sukoharjo,6.83,2025,JAWA TENGAH|SUKOHARJO
6309,KALIMANTAN SELATAN,Tabalong,4.67,2025,KALIMANTAN SELATAN|TABALONG
3515,JAWA TIMUR,Sidoarjo,4.4,2025,JAWA TIMUR|SIDOARJO
7409,SULAWESI TENGGARA,Buton Utara,13.22,2025,SULAWESI TENGGARA|BUTON UTARA
5319,NUSA TENGGARA TIMUR,Manggarai Timur,23.51,2025,NUSA TENGGARA TIMUR|MANGGARAI TIMUR
1106,ACEH,Aceh Tengah,12.29,2025,ACEH|ACEH TENGAH
